Fecha Declaración;Nombre;Apellido Paterno;Apellido Materno;Cargo;Tipo Declaración;Institución
2019-04-05T00:00:00Z;HUMBERTO RAFAEL;BUROTTO;GUEVARA;MIEMBRO ÓRGANO EJECUTIVO;PRIMERA DECLARACIÓN (POR ASUNCIÓN DE CARGO);PARTIDO DEMÓCRATA CRISTIANO
2019-02-03T00:00:00Z;TOMÁS ANDRÉS;FUENTES;BARROS;MIEMBRO ÓRGANO EJECUTIVO;PRIMERA DECLARACIÓN (POR ASUNCIÓN DE CARGO);RENOVACIÓN NACIONAL
2022-04-17T00:00:00Z;LUIS ARTURO;SQUELLA;OVALLE;MIEMBRO ÓRGANO EJECUTIVO;PRIMERA DECLARACIÓN (POR ASUNCIÓN DE CARGO);PARTIDO REPUBLICANO DE CHILE
2017-03-30T00:00:00Z;JAIME DANIEL;QUINTANA;LEAL;MIEMBRO ÓRGANO EJECUTIVO;PRIMERA DECLARACIÓN (POR ASUNCIÓN DE CARGO);PARTIDO POR LA DEMOCRACIA
2018-03-28T00:00:00Z;DAVID OCTAVIO;GÓMEZ;CONTRERAS;MIEMBRO ÓRGANO EJECUTIVO;PRIMERA DECLARACIÓN (POR ASUNCIÓN DE CARGO);AMPLITUD
2019-03-29T00:00:00Z;RODOLFO ANDRES;BAIER;ESTEBAN;MIEMBRO ÓRGANO EJECUTIVO;PRIMERA DECLARACIÓN (POR ASUNCIÓN DE CARGO);PARTIDO RADICAL SOCIALDEMÓCRATA
2017-03-31T00:00:00Z;JAIME DANIEL;QUINTANA;LEAL;MIEMBRO ÓRGANO EJECUTIVO;PRIMERA DECLARACIÓN (POR ASUNCIÓN DE CARGO);PARTIDO POR LA DEMOCRACIA
2018-10-07T00:00:00Z;MARCELA XIMENA;HERNANDO;PEREZ;MIEMBRO ÓRGANO EJECUTIVO;PRIMERA DECLARACIÓN (POR ASUNCIÓN DE CARGO);PARTIDO RADICAL SOCIALDEMÓCRATA
2017-04-28T00:00:00Z;MARÍA SOLEDAD;CONCHA;DEZEREGA;MIEMBRO ÓRGANO EJECUTIVO;PRIMERA DECLARACIÓN (POR ASUNCIÓN DE CARGO);PARTIDO COMUNISTA DE CHILE
2021-03-31T00:00:00Z;TOMÁS ANDRÉS;FUENTES;BARROS;MIEMBRO ÓRGANO EJECUTIVO;PRIMERA DECLARACIÓN (POR ASUNCIÓN DE CARGO);RENOVACIÓN NACIONAL
2017-07-23T00:00:00Z;MARCELA XIMENA;HERNANDO;PEREZ;MIEMBRO ÓRGANO EJECUTIVO;PRIMERA DECLARACIÓN (POR ASUNCIÓN DE CARGO);PARTIDO RADICAL SOCIALDEMÓCRATA
2019-08-20T00:00:00Z;JOSE MIGUEL;INSULZA;SALINAS;MIEMBRO ÓRGANO EJECUTIVO;PRIMERA DECLARACIÓN (POR ASUNCIÓN DE CARGO);PARTIDO SOCIALISTA DE CHILE
2018-08-13T00:00:00Z;DAVID ALEJANDRO;MORALES;NORDETTI;MIEMBRO ÓRGANO EJECUTIVO;PRIMERA DECLARACIÓN (POR ASUNCIÓN DE CARGO);PARTIDO DEMÓCRATA CRISTIANO
2018-06-05T00:00:00Z;FELIPE JOSE;KAST;SOMMERHOFF;MIEMBRO ÓRGANO EJECUTIVO;PRIMERA DECLARACIÓN (POR ASUNCIÓN DE CARGO);PARTIDO EVOLUCIÓN POLÍTICA
2019-08-07T00:00:00Z;RODOLFO ANDRES;BAIER;ESTEBAN;MIEMBRO ÓRGANO EJECUTIVO;PRIMERA DECLARACIÓN (POR ASUNCIÓN DE CARGO);PARTIDO RADICAL SOCIALDEMÓCRATA
2017-03-31T00:00:00Z;PÍA CAROLINA;MARGARIT;BAHAMONDE;MIEMBRO ÓRGANO EJECUTIVO;PRIMERA DECLARACIÓN (POR ASUNCIÓN DE CARGO);UNIÓN DEMÓCRATA INDEPENDIENTE
2023-01-18T00:00:00Z;ELIZABETH;AREVALO;PAKARATI;MIEMBRO ÓRGANO EJECUTIVO;PRIMERA DECLARACIÓN (POR ASUNCIÓN DE CARGO);PARTIDO EVOLUCIÓN POLÍTICA
2018-07-06T00:00:00Z;RICARDO JOSÉ;GODOY;SOTO;MIEMBRO ÓRGANO EJECUTIVO;PRIMERA DECLARACIÓN (POR ASUNCIÓN DE CARGO);PAIS PROGRESISTA
2018-02-28T00:00:00Z;DAVID OCTAVIO;GÓMEZ;CONTRERAS;MIEMBRO ÓRGANO EJECUTIVO;PRIMERA DECLARACIÓN (POR ASUNCIÓN DE CARGO);AMPLITUD
2023-03-29T00:00:00Z;DOMINGO EDMUNDO;ARTEAGA;ECHEVERRIA;MIEMBRO ÓRGANO EJECUTIVO;PRIMERA DECLARACIÓN (POR ASUNCIÓN DE CARGO);UNIÓN DEMÓCRATA INDEPENDIENTE
2018-06-13T00:00:00Z;FRANCISCO JONATAN;DÍAZ;HERRERA;MIEMBRO ÓRGANO EJECUTIVO;PRIMERA DECLARACIÓN (POR ASUNCIÓN DE CARGO);PAIS PROGRESISTA
2018-08-31T00:00:00Z;HUMBERTO RAFAEL;BUROTTO;GUEVARA;MIEMBRO ÓRGANO EJECUTIVO;PRIMERA DECLARACIÓN (POR ASUNCIÓN DE CARGO);PARTIDO DEMÓCRATA CRISTIANO
2017-03-31T00:00:00Z;MARCELA XIMENA;HERNANDO;PEREZ;MIEMBRO ÓRGANO EJECUTIVO;PRIMERA DECLARACIÓN (POR ASUNCIÓN DE CARGO);PARTIDO RADICAL SOCIALDEMÓCRATA
2021-04-24T00:00:00Z;LORENA SOLEDAD GLORIA;PIZARRO;SIERRA;MIEMBRO ÓRGANO EJECUTIVO;PRIMERA DECLARACIÓN (POR ASUNCIÓN DE CARGO);PARTIDO COMUNISTA DE CHILE
2017-12-20T00:00:00Z;LORENA FRANCISCA;RECABARREN;SILVA;MIEMBRO ÓRGANO EJECUTIVO;PRIMERA DECLARACIÓN (POR ASUNCIÓN DE CARGO);PARTIDO EVOLUCIÓN POLÍTICA
2018-04-06T00:00:00Z;STEPHANIE CAROLINE;VIVANCO;HERNÁNDEZ;MIEMBRO ÓRGANO EJECUTIVO;PRIMERA DECLARACIÓN (POR ASUNCIÓN DE CARGO);PARTIDO POR LA DEMOCRACIA
2018-04-07T00:00:00Z;MARIA JOSE;ESCOBAR;OPAZO;MIEMBRO ÓRGANO EJECUTIVO;PRIMERA DECLARACIÓN (POR ASUNCIÓN DE CARGO);PARTIDO POR LA DEMOCRACIA
2018-08-14T00:00:00Z;REINALDO ESTEBAN;ESTAY;ZÚÑIGA;MIEMBRO ÓRGANO EJECUTIVO;PRIMERA DECLARACIÓN (POR ASUNCIÓN DE CARGO);PARTIDO POR LA DEMOCRACIA
2018-08-16T00:00:00Z;FERNANDO PATRICIO;LEPE;MIRANDA;MIEMBRO ÓRGANO EJECUTIVO;PRIMERA DECLARACIÓN (POR ASUNCIÓN DE CARGO);PARTIDO POR LA DEMOCRACIA
2018-08-16T00:00:00Z;CARLOS RODRIGO;CARAMORI;DONOSO;MIEMBRO ÓRGANO EJECUTIVO;PRIMERA DECLARACIÓN (POR ASUNCIÓN DE CARGO);PARTIDO REGIONALISTA INDEPENDIENTE DEMÓCRATA
2018-08-17T00:00:00Z;PABLO ANDRÉS;PEÑALOZA;TORRES;MIEMBRO ÓRGANO EJECUTIVO;PRIMERA DECLARACIÓN (POR ASUNCIÓN DE CARGO);PARTIDO POR LA DEMOCRACIA
2018-08-20T00:00:00Z;LUIS FELIPE;DELPIN;AGUILAR;MIEMBRO ÓRGANO EJECUTIVO;PRIMERA DECLARACIÓN (POR ASUNCIÓN DE CARGO);PARTIDO DEMÓCRATA CRISTIANO
2018-08-12T00:00:00Z;MARCO ANTONIO;NÚÑEZ;LOZANO;MIEMBRO ÓRGANO EJECUTIVO;PRIMERA DECLARACIÓN (POR ASUNCIÓN DE CARGO);PARTIDO POR LA DEMOCRACIA
2018-08-20T00:00:00Z;JAIME RODRIGO ALONSO;NORAMBUENA;ALEGRÍA;MIEMBRO ÓRGANO EJECUTIVO;PRIMERA DECLARACIÓN (POR ASUNCIÓN DE CARGO);PARTIDO POR LA DEMOCRACIA
2018-08-20T00:00:00Z;ESKARLET CAROLINA;GARCÍA;RAMOS;MIEMBRO ÓRGANO EJECUTIVO;PRIMERA DECLARACIÓN (POR ASUNCIÓN DE CARGO);PARTIDO POR LA DEMOCRACIA
2018-08-14T00:00:00Z;ELSON;BORQUEZ;YAÑEZ;MIEMBRO ÓRGANO EJECUTIVO;PRIMERA DECLARACIÓN (POR ASUNCIÓN DE CARGO);DEMOCRACIA REGIONAL PATAGÓNICA
2018-08-24T00:00:00Z;JUAN PABLO;ARRIAGADA;MORA;MIEMBRO ÓRGANO EJECUTIVO;PRIMERA DECLARACIÓN (POR ASUNCIÓN DE CARGO);PARTIDO POR LA DEMOCRACIA
2018-09-03T00:00:00Z;JOSÉ FRANCISCO JUAN DIEGO;MONTALVA;FEUERHAKE;MIEMBRO ÓRGANO EJECUTIVO;PRIMERA DECLARACIÓN (POR ASUNCIÓN DE CARGO);PARTIDO POR LA DEMOCRACIA
2018-08-22T00:00:00Z;JOANNA ELENA;PÉREZ;OLEA;MIEMBRO ÓRGANO EJECUTIVO;PRIMERA DECLARACIÓN (POR ASUNCIÓN DE CARGO);PARTIDO DEMÓCRATA CRISTIANO
2019-03-25T00:00:00Z;JACQUELINE CARMEN;CASTILLO;ROBLERO;MIEMBRO ÓRGANO EJECUTIVO;PRIMERA DECLARACIÓN (POR ASUNCIÓN DE CARGO);PARTIDO RADICAL SOCIALDEMÓCRATA
2019-03-19T00:00:00Z;LUIS FELIPE ANDRES;RAMOS;BARRERA;MIEMBRO ÓRGANO EJECUTIVO;PRIMERA DECLARACIÓN (POR ASUNCIÓN DE CARGO);LIBERAL DEL NORTE
2019-03-14T00:00:00Z;MARÍA JOSÉ;HOFFMANN;OPAZO;MIEMBRO ÓRGANO EJECUTIVO;PRIMERA DECLARACIÓN (POR ASUNCIÓN DE CARGO);UNIÓN DEMÓCRATA INDEPENDIENTE
2019-03-20T00:00:00Z;SONIA ROSA;SOTO;VILLALOBOS;MIEMBRO ÓRGANO EJECUTIVO;PRIMERA DECLARACIÓN (POR ASUNCIÓN DE CARGO);LIBERAL DEL NORTE
2017-03-31T00:00:00Z;IGNACIO ANTONIO;PONCE;ABARCA;MIEMBRO ÓRGANO EJECUTIVO;PRIMERA DECLARACIÓN (POR ASUNCIÓN DE CARGO);POR LA INTEGRACIÓN REGIONAL
2017-03-30T00:00:00Z;ELSON;BORQUEZ;YAÑEZ;MIEMBRO ÓRGANO EJECUTIVO;PRIMERA DECLARACIÓN (POR ASUNCIÓN DE CARGO);DEMOCRACIA REGIONAL PATAGÓNICA
2017-03-04T00:00:00Z;PAULA CAROLINA;ROJAS;ELGUETA;MIEMBRO ÓRGANO EJECUTIVO;PRIMERA DECLARACIÓN (POR ASUNCIÓN DE CARGO);CIUDADANOS
2017-03-31T00:00:00Z;CRISTIAN ALEJANDRO;VIVIAN;TRONCOSO;MIEMBRO ÓRGANO EJECUTIVO;PRIMERA DECLARACIÓN (POR ASUNCIÓN DE CARGO);UNIDOS RESULTA EN DEMOCRACIA
2017-03-31T00:00:00Z;HERNÁN VÍCTOR;SALDAÑA;CASTILLO;MIEMBRO ÓRGANO EJECUTIVO;PRIMERA DECLARACIÓN (POR ASUNCIÓN DE CARGO);UNIDOS RESULTA EN DEMOCRACIA
2017-03-28T00:00:00Z;GUILLERMO LEÓN;TEILLIER;DEL VALLE;MIEMBRO ÓRGANO EJECUTIVO;PRIMERA DECLARACIÓN (POR ASUNCIÓN DE CARGO);PARTIDO COMUNISTA DE CHILE
2017-06-16T00:00:00Z;MANDIZA ROSA;BARBARIC;SCIARAFFIA;MIEMBRO ÓRGANO EJECUTIVO;PRIMERA DECLARACIÓN (POR ASUNCIÓN DE CARGO);POR LA INTEGRACIÓN REGIONAL
2017-03-04T00:00:00Z;ANDRÉS;VELASCO;BRAÑES;MIEMBRO ÓRGANO EJECUTIVO;PRIMERA DECLARACIÓN (POR ASUNCIÓN DE CARGO);CIUDADANOS
2017-06-13T00:00:00Z;JOSÉ FERNANDO;ZULETA;BOVE;MIEMBRO ÓRGANO EJECUTIVO;PRIMERA DECLARACIÓN (POR ASUNCIÓN DE CARGO);PARTIDO POR LA DEMOCRACIA
2017-03-21T00:00:00Z;CARLOS FERNANDO MARTÍN;DE URRESTI;LONGTON;MIEMBRO ÓRGANO EJECUTIVO;PRIMERA DECLARACIÓN (POR ASUNCIÓN DE CARGO);PARTIDO PROGRESISTA
2017-03-31T00:00:00Z;CÉSAR ALEJANDRO;MONTENEGRO;AMPUERO;MIEMBRO ÓRGANO EJECUTIVO;PRIMERA DECLARACIÓN (POR ASUNCIÓN DE CARGO);PARTIDO HUMANISTA
2017-08-01T00:00:00Z;EDUARDO JAVIER;VERGARA;BALBORAN;MIEMBRO ÓRGANO EJECUTIVO;PRIMERA DECLARACIÓN (POR ASUNCIÓN DE CARGO);PARTIDO POR LA DEMOCRACIA
2017-08-01T00:00:00Z;EDUARDO JAVIER;VERGARA;BALBORAN;MIEMBRO ÓRGANO EJECUTIVO;PRIMERA DECLARACIÓN (POR ASUNCIÓN DE CARGO);PARTIDO POR LA DEMOCRACIA
2017-03-30T00:00:00Z;HERNAN;LARRAIN;FERNANDEZ;MIEMBRO ÓRGANO EJECUTIVO;PRIMERA DECLARACIÓN (POR ASUNCIÓN DE CARGO);UNIÓN DEMÓCRATA INDEPENDIENTE
2017-03-27T00:00:00Z;PAULA INÉS;CRUCES;PÉREZ;MIEMBRO ÓRGANO EJECUTIVO;PRIMERA DECLARACIÓN (POR ASUNCIÓN DE CARGO);SOMOS AYSÉN
2017-03-31T00:00:00Z;CRISTIAN MANUEL;OSORIO;ALFARO;MIEMBRO ÓRGANO EJECUTIVO;PRIMERA DECLARACIÓN (POR ASUNCIÓN DE CARGO);PARTIDO POR LA DEMOCRACIA
2017-03-30T00:00:00Z;ANDREA GISELA;ASTE;VON BENNEWITZ;MIEMBRO ÓRGANO EJECUTIVO;PRIMERA DECLARACIÓN (POR ASUNCIÓN DE CARGO);PARTIDO POR LA DEMOCRACIA
2017-06-15T00:00:00Z;MARIA JOSE;ESCOBAR;OPAZO;MIEMBRO ÓRGANO EJECUTIVO;PRIMERA DECLARACIÓN (POR ASUNCIÓN DE CARGO);PARTIDO POR LA DEMOCRACIA
2017-03-30T00:00:00Z;STEPHANIE CAROLINE;VIVANCO;HERNÁNDEZ;MIEMBRO ÓRGANO EJECUTIVO;PRIMERA DECLARACIÓN (POR ASUNCIÓN DE CARGO);PARTIDO POR LA DEMOCRACIA
2017-03-30T00:00:00Z;WALDO MAURICIO;PALACIOS;NÚÑEZ;MIEMBRO ÓRGANO EJECUTIVO;PRIMERA DECLARACIÓN (POR ASUNCIÓN DE CARGO);PARTIDO RADICAL SOCIALDEMÓCRATA
2017-03-30T00:00:00Z;JONATHAN ALEJANDRO;HECHENLEITNER;RIFFO;MIEMBRO ÓRGANO EJECUTIVO;PRIMERA DECLARACIÓN (POR ASUNCIÓN DE CARGO);SOMOS AYSÉN
2017-03-31T00:00:00Z;KAROL AÍDA;CARIOLA;OLIVA;MIEMBRO ÓRGANO EJECUTIVO;PRIMERA DECLARACIÓN (POR ASUNCIÓN DE CARGO);PARTIDO COMUNISTA DE CHILE
2017-03-31T00:00:00Z;KAROL AÍDA;CARIOLA;OLIVA;MIEMBRO ÓRGANO EJECUTIVO;PRIMERA DECLARACIÓN (POR ASUNCIÓN DE CARGO);PARTIDO COMUNISTA DE CHILE
2017-04-03T00:00:00Z;CRISTIAN ALFREDO;RODRÍGUEZ;SALAS;MIEMBRO ÓRGANO EJECUTIVO;PRIMERA DECLARACIÓN (POR ASUNCIÓN DE CARGO);PARTIDO POR LA DEMOCRACIA
2017-03-31T00:00:00Z;FARID JAIME;SELEME;RUILOVA;MIEMBRO ÓRGANO EJECUTIVO;PRIMERA DECLARACIÓN (POR ASUNCIÓN DE CARGO);PARTIDO POR LA DEMOCRACIA
2017-03-31T00:00:00Z;NICOLÁS EDUARDO;FARRÁN;FIGUEROA;MIEMBRO ÓRGANO EJECUTIVO;PRIMERA DECLARACIÓN (POR ASUNCIÓN DE CARGO);PARTIDO DEMÓCRATA CRISTIANO
2017-03-31T00:00:00Z;LILY JOVANKA;PÉREZ;SAN MARTÍN;MIEMBRO ÓRGANO EJECUTIVO;PRIMERA DECLARACIÓN (POR ASUNCIÓN DE CARGO);AMPLITUD
2017-03-31T00:00:00Z;EMILIO ALEJANDRO;OÑATE;VERA;MIEMBRO ÓRGANO EJECUTIVO;PRIMERA DECLARACIÓN (POR ASUNCIÓN DE CARGO);PARTIDO RADICAL SOCIALDEMÓCRATA
2017-03-25T00:00:00Z;GUILLERMO LEÓN;TEILLIER;DEL VALLE;MIEMBRO ÓRGANO EJECUTIVO;PRIMERA DECLARACIÓN (POR ASUNCIÓN DE CARGO);PARTIDO COMUNISTA DE CHILE
2017-03-23T00:00:00Z;PATRICIO HERNÁN;SAAVEDRA;ONETTO;MIEMBRO ÓRGANO EJECUTIVO;PRIMERA DECLARACIÓN (POR ASUNCIÓN DE CARGO);UNIDOS RESULTA EN DEMOCRACIA
2017-03-29T00:00:00Z;MARCOS FÉLIX ERNESTO;GONZÁLEZ;DAZA;MIEMBRO ÓRGANO EJECUTIVO;PRIMERA DECLARACIÓN (POR ASUNCIÓN DE CARGO);UNIDOS RESULTA EN DEMOCRACIA
2017-05-11T00:00:00Z;RAUL ANDRES;PALACIOS;AUSPONT;MIEMBRO ÓRGANO EJECUTIVO;PRIMERA DECLARACIÓN (POR ASUNCIÓN DE CARGO);MAS-REGIÓN
2017-03-17T00:00:00Z;EDUARDO JAVIER;VERGARA;BALBORAN;MIEMBRO ÓRGANO EJECUTIVO;PRIMERA DECLARACIÓN (POR ASUNCIÓN DE CARGO);PARTIDO POR LA DEMOCRACIA
2017-05-12T00:00:00Z;SERGIO EDUARDO;VERGARA;MORALES;MIEMBRO ÓRGANO EJECUTIVO;PRIMERA DECLARACIÓN (POR ASUNCIÓN DE CARGO);MAS-REGIÓN
2017-04-04T00:00:00Z;CARLA VICTORIA;FUENTES;VICUÑA;MIEMBRO ÓRGANO EJECUTIVO;PRIMERA DECLARACIÓN (POR ASUNCIÓN DE CARGO);TODOS
2017-03-27T00:00:00Z;MIRIAM NINOSKA;CHIBLE;CONTRERAS;MIEMBRO ÓRGANO EJECUTIVO;PRIMERA DECLARACIÓN (POR ASUNCIÓN DE CARGO);SOMOS AYSÉN
2017-07-05T00:00:00Z;LUIS ALEJANDRO;SALAS;CERDA;MIEMBRO ÓRGANO EJECUTIVO;PRIMERA DECLARACIÓN (POR ASUNCIÓN DE CARGO);PARTIDO REGIONALISTA INDEPENDIENTE
2017-03-28T00:00:00Z;MIGUEL ANGEL;REBOLLEDO;GONZÁLEZ;MIEMBRO ÓRGANO EJECUTIVO;PRIMERA DECLARACIÓN (POR ASUNCIÓN DE CARGO);FUERZA REGIONAL NORTE VERDE
2017-03-29T00:00:00Z;MIGUEL ANGEL;REBOLLEDO;GONZÁLEZ;MIEMBRO ÓRGANO EJECUTIVO;PRIMERA DECLARACIÓN (POR ASUNCIÓN DE CARGO);FUERZA REGIONAL NORTE VERDE
2017-06-29T00:00:00Z;JOSÉ ANTONIO;RAMÍREZ;ARRAYAS;MIEMBRO ÓRGANO EJECUTIVO;PRIMERA DECLARACIÓN (POR ASUNCIÓN DE CARGO);PARTIDO POR LA DEMOCRACIA
2017-05-11T00:00:00Z;FERNANDO ALFREDO;ZAMORANO;FERNÁNDEZ;MIEMBRO ÓRGANO EJECUTIVO;PRIMERA DECLARACIÓN (POR ASUNCIÓN DE CARGO);MAS-REGIÓN
2017-03-27T00:00:00Z;AGAPITO EDUARDO;SANTANDER;MARÍN;MIEMBRO ÓRGANO EJECUTIVO;PRIMERA DECLARACIÓN (POR ASUNCIÓN DE CARGO);FUERZA REGIONAL NORTE VERDE
2017-03-31T00:00:00Z;NICHOLAS;SHEA;CAREY;MIEMBRO ÓRGANO EJECUTIVO;PRIMERA DECLARACIÓN (POR ASUNCIÓN DE CARGO);TODOS
2018-07-22T00:00:00Z;ELIZABETH MARÍA;MUJICA;ZEPEDA;MIEMBRO ÓRGANO EJECUTIVO;PRIMERA DECLARACIÓN (POR ASUNCIÓN DE CARGO);PARTIDO ECOLOGISTA VERDE
2018-07-24T00:00:00Z;CAROLINA ANDREA;AEDO;RETAMAL;MIEMBRO ÓRGANO EJECUTIVO;PRIMERA DECLARACIÓN (POR ASUNCIÓN DE CARGO);PAIS PROGRESISTA
2018-03-22T00:00:00Z;MARCELO ANDRÉS;COSTA;CORTÉS;MIEMBRO ÓRGANO EJECUTIVO;PRIMERA DECLARACIÓN (POR ASUNCIÓN DE CARGO);AMPLITUD
2018-04-01T00:00:00Z;SERGIO EDUARDO;VERGARA;MORALES;MIEMBRO ÓRGANO EJECUTIVO;PRIMERA DECLARACIÓN (POR ASUNCIÓN DE CARGO);MAS-REGIÓN
2018-04-01T00:00:00Z;SERGIO EDUARDO;VERGARA;MORALES;MIEMBRO ÓRGANO EJECUTIVO;PRIMERA DECLARACIÓN (POR ASUNCIÓN DE CARGO);MAS-REGIÓN
2019-02-22T00:00:00Z;IVAN;MORAN;MORAN;MIEMBRO ÓRGANO EJECUTIVO;PRIMERA DECLARACIÓN (POR ASUNCIÓN DE CARGO);PARTIDO LIBERAL DE CHILE
2017-08-24T00:00:00Z;MAURICIO ALEJANDRO ROSAMEL;HENRÍQUEZ;BARRÍA;MIEMBRO ÓRGANO EJECUTIVO;PRIMERA DECLARACIÓN (POR ASUNCIÓN DE CARGO);DEMOCRACIA REGIONAL PATAGÓNICA
2018-06-14T00:00:00Z;MARÍA CECILIA DE LOURDES;ROMERO;PEÑA;MIEMBRO ÓRGANO EJECUTIVO;PRIMERA DECLARACIÓN (POR ASUNCIÓN DE CARGO);PARTIDO PAÍS
2018-06-14T00:00:00Z;MARÍA CECILIA DE LOURDES;ROMERO;PEÑA;MIEMBRO ÓRGANO EJECUTIVO;PRIMERA DECLARACIÓN (POR ASUNCIÓN DE CARGO);PAIS PROGRESISTA
2018-06-07T00:00:00Z;GRACIELA LILIAN;SALAZAR;ESPINOZA;MIEMBRO ÓRGANO EJECUTIVO;PRIMERA DECLARACIÓN (POR ASUNCIÓN DE CARGO);PARTIDO POR LA DEMOCRACIA
2018-06-13T00:00:00Z;ANDREA XIMENA;CONDEMARÍN;FUENTES;MIEMBRO ÓRGANO EJECUTIVO;PRIMERA DECLARACIÓN (POR ASUNCIÓN DE CARGO);PAIS PROGRESISTA
2019-04-03T00:00:00Z;ESKARLET CAROLINA;GARCÍA;RAMOS;MIEMBRO ÓRGANO EJECUTIVO;PRIMERA DECLARACIÓN (POR ASUNCIÓN DE CARGO);PARTIDO POR LA DEMOCRACIA
2019-04-01T00:00:00Z;MARIO FRANCISCO;PÉREZ;NAVARRO;MIEMBRO ÓRGANO EJECUTIVO;PRIMERA DECLARACIÓN (POR ASUNCIÓN DE CARGO);PARTIDO RADICAL SOCIALDEMÓCRATA
2019-03-31T00:00:00Z;SAMUEL LUIS;VALENZUELA;SALAZAR;MIEMBRO ÓRGANO EJECUTIVO;PRIMERA DECLARACIÓN (POR ASUNCIÓN DE CARGO);RENOVACIÓN NACIONAL
2019-03-31T00:00:00Z;SAMUEL LUIS;VALENZUELA;SALAZAR;MIEMBRO ÓRGANO EJECUTIVO;PRIMERA DECLARACIÓN (POR ASUNCIÓN DE CARGO);RENOVACIÓN NACIONAL
2019-03-31T00:00:00Z;ALVARO;LAVIN;ALIAGA;MIEMBRO ÓRGANO EJECUTIVO;PRIMERA DECLARACIÓN (POR ASUNCIÓN DE CARGO);UNIÓN DEMÓCRATA INDEPENDIENTE
2019-04-02T00:00:00Z;CARMEN GLORIA;ARAVENA;ACUÑA;MIEMBRO ÓRGANO EJECUTIVO;PRIMERA DECLARACIÓN (POR ASUNCIÓN DE CARGO);PARTIDO EVOLUCIÓN POLÍTICA
2019-03-31T00:00:00Z;LUIS ANTONIO;JARA;CORREA;MIEMBRO ÓRGANO EJECUTIVO;PRIMERA DECLARACIÓN (POR ASUNCIÓN DE CARGO);PAIS PROGRESISTA
2019-04-01T00:00:00Z;LILET;ROSAS;PEZO;MIEMBRO ÓRGANO EJECUTIVO;PRIMERA DECLARACIÓN (POR ASUNCIÓN DE CARGO);PARTIDO RADICAL SOCIALDEMÓCRATA
2019-03-31T00:00:00Z;GASTÓN BERNABÉ;DELGADO;ÁLVAREZ;MIEMBRO ÓRGANO EJECUTIVO;PRIMERA DECLARACIÓN (POR ASUNCIÓN DE CARGO);PARTIDO POR LA DEMOCRACIA
2019-04-01T00:00:00Z;GONZALO;PINTO;MUÑOZ;MIEMBRO ÓRGANO EJECUTIVO;PRIMERA DECLARACIÓN (POR ASUNCIÓN DE CARGO);PARTIDO POR LA DEMOCRACIA
2019-03-31T00:00:00Z;CRISTIAN ALFREDO;RODRÍGUEZ;SALAS;MIEMBRO ÓRGANO EJECUTIVO;PRIMERA DECLARACIÓN (POR ASUNCIÓN DE CARGO);PARTIDO POR LA DEMOCRACIA
2018-04-18T00:00:00Z;INÉS YAQUELINE;TAPIA;TAMBLAY;MIEMBRO ÓRGANO EJECUTIVO;PRIMERA DECLARACIÓN (POR ASUNCIÓN DE CARGO);PARTIDO POR LA DEMOCRACIA
2017-09-21T00:00:00Z;FERNANDO ADILIO;LEAL;ARAVENA;MIEMBRO ÓRGANO EJECUTIVO;PRIMERA DECLARACIÓN (POR ASUNCIÓN DE CARGO);PARTIDO PAÍS
2017-10-14T00:00:00Z;CATALINA ISABEL;FERNÁNDEZ;HERNÁNDEZ;MIEMBRO ÓRGANO EJECUTIVO;PRIMERA DECLARACIÓN (POR ASUNCIÓN DE CARGO);PARTIDO IZQUIERDA CIUDADANA DE CHILE
2017-09-22T00:00:00Z;GUILLERMO ISMAEL;ALLENDE;GONZÁLEZ;MIEMBRO ÓRGANO EJECUTIVO;PRIMERA DECLARACIÓN (POR ASUNCIÓN DE CARGO);PARTIDO PAÍS
2017-08-21T00:00:00Z;RAUL ANDRES;PALACIOS;AUSPONT;MIEMBRO ÓRGANO EJECUTIVO;PRIMERA DECLARACIÓN (POR ASUNCIÓN DE CARGO);MAS-REGIÓN
2017-08-20T00:00:00Z;WALDO MAURICIO;PALACIOS;NÚÑEZ;MIEMBRO ÓRGANO EJECUTIVO;PRIMERA DECLARACIÓN (POR ASUNCIÓN DE CARGO);PARTIDO RADICAL SOCIALDEMÓCRATA
2018-06-04T00:00:00Z;LUCIANO;CRUZ-COKE;CARVALLO;MIEMBRO ÓRGANO EJECUTIVO;PRIMERA DECLARACIÓN (POR ASUNCIÓN DE CARGO);PARTIDO EVOLUCIÓN POLÍTICA
2017-03-31T00:00:00Z;MAURICIO ALEJANDRO ROSAMEL;HENRÍQUEZ;BARRÍA;MIEMBRO ÓRGANO EJECUTIVO;PRIMERA DECLARACIÓN (POR ASUNCIÓN DE CARGO);DEMOCRACIA REGIONAL PATAGÓNICA
2017-03-30T00:00:00Z;DAVID ORLANDO;ARCOS;SANZANA;MIEMBRO ÓRGANO EJECUTIVO;PRIMERA DECLARACIÓN (POR ASUNCIÓN DE CARGO);DEMOCRACIA REGIONAL PATAGÓNICA
2017-03-31T00:00:00Z;CLAUDIA ANDREA;MEZZANO;JURIC;MIEMBRO ÓRGANO EJECUTIVO;PRIMERA DECLARACIÓN (POR ASUNCIÓN DE CARGO);UNIDOS RESULTA EN DEMOCRACIA
2017-03-31T00:00:00Z;SARA FILOMENA;HUENCHUPIL;DIAZ;MIEMBRO ÓRGANO EJECUTIVO;PRIMERA DECLARACIÓN (POR ASUNCIÓN DE CARGO);WALLMAPUWEN
2017-03-30T00:00:00Z;EULOJIO IGNACIO;ASTETE;NAHUELCOY;MIEMBRO ÓRGANO EJECUTIVO;PRIMERA DECLARACIÓN (POR ASUNCIÓN DE CARGO);WALLMAPUWEN
2017-04-24T00:00:00Z;VALERIA DEL ROSARIO;GALLARDO;HENRÍQUEZ;MIEMBRO ÓRGANO EJECUTIVO;PRIMERA DECLARACIÓN (POR ASUNCIÓN DE CARGO);PARTIDO POR LA DEMOCRACIA
2017-03-31T00:00:00Z;MARCO ILICH;RIQUELME;GARCÍA;MIEMBRO ÓRGANO EJECUTIVO;PRIMERA DECLARACIÓN (POR ASUNCIÓN DE CARGO);PARTIDO FRENTE POPULAR
2017-03-29T00:00:00Z;GUSTAVO ADOLFO;HERNÁNDEZ;VALDIVIA;MIEMBRO ÓRGANO EJECUTIVO;PRIMERA DECLARACIÓN (POR ASUNCIÓN DE CARGO);FUERZA REGIONAL NORTE VERDE
2017-05-08T00:00:00Z;PAULA LORENA;ARRIAGADA;ORTIZ;MIEMBRO ÓRGANO EJECUTIVO;PRIMERA DECLARACIÓN (POR ASUNCIÓN DE CARGO);PARTIDO POR LA DEMOCRACIA
2017-01-31T00:00:00Z;ROXANA DEL PILAR;MIRANDA;MENESES;MIEMBRO ÓRGANO EJECUTIVO;PRIMERA DECLARACIÓN (POR ASUNCIÓN DE CARGO);ANDHA CHILE
2017-07-06T00:00:00Z;JORGE DANIEL IGNACIO;OSSA;VALENZUELA;MIEMBRO ÓRGANO EJECUTIVO;PRIMERA DECLARACIÓN (POR ASUNCIÓN DE CARGO);TODOS
2017-03-30T00:00:00Z;ROBERTO ANTONIO;MUÑOZ;ALBUERNO;MIEMBRO ÓRGANO EJECUTIVO;PRIMERA DECLARACIÓN (POR ASUNCIÓN DE CARGO);PARTIDO FRENTE POPULAR
2017-03-29T00:00:00Z;CARLOS ALBERTO;GÓMEZ;ROJAS;MIEMBRO ÓRGANO EJECUTIVO;PRIMERA DECLARACIÓN (POR ASUNCIÓN DE CARGO);FRENTE REGIONAL Y POPULAR
2017-03-30T00:00:00Z;LUCIANO;CRUZ-COKE;CARVALLO;MIEMBRO ÓRGANO EJECUTIVO;PRIMERA DECLARACIÓN (POR ASUNCIÓN DE CARGO);PARTIDO EVOLUCIÓN POLÍTICA
2017-05-01T00:00:00Z;MARIO ANTONIO;CHAPA;MONTECINOS;MIEMBRO ÓRGANO EJECUTIVO;PRIMERA DECLARACIÓN (POR ASUNCIÓN DE CARGO);PARTIDO POR LA DEMOCRACIA
2017-03-31T00:00:00Z;OWANA HERMINIA;MADERA;MAC-KILRROY;MIEMBRO ÓRGANO EJECUTIVO;PRIMERA DECLARACIÓN (POR ASUNCIÓN DE CARGO);PARTIDO FRENTE POPULAR
2018-08-16T00:00:00Z;YOHANNA ISABEL;ÑANCUPIL;TAPIA;MIEMBRO ÓRGANO EJECUTIVO;PRIMERA DECLARACIÓN (POR ASUNCIÓN DE CARGO);PARTIDO POR LA DEMOCRACIA
2018-08-20T00:00:00Z;KARLA CATHERINE;URZÚA;URZÚA;MIEMBRO ÓRGANO EJECUTIVO;PRIMERA DECLARACIÓN (POR ASUNCIÓN DE CARGO);PARTIDO POR LA DEMOCRACIA
2018-08-17T00:00:00Z;LORETO;FERNANDEZ;MARTINEZ;MIEMBRO ÓRGANO EJECUTIVO;PRIMERA DECLARACIÓN (POR ASUNCIÓN DE CARGO);PARTIDO POR LA DEMOCRACIA
2018-08-20T00:00:00Z;GONZALO;PINTO;MUÑOZ;MIEMBRO ÓRGANO EJECUTIVO;PRIMERA DECLARACIÓN (POR ASUNCIÓN DE CARGO);PARTIDO POR LA DEMOCRACIA
2018-08-18T00:00:00Z;VALERIA DEL ROSARIO;GALLARDO;HENRÍQUEZ;MIEMBRO ÓRGANO EJECUTIVO;PRIMERA DECLARACIÓN (POR ASUNCIÓN DE CARGO);PARTIDO POR LA DEMOCRACIA
2018-07-29T00:00:00Z;LUIS ANTONIO;JARA;CORREA;MIEMBRO ÓRGANO EJECUTIVO;PRIMERA DECLARACIÓN (POR ASUNCIÓN DE CARGO);PAIS PROGRESISTA
2018-08-03T00:00:00Z;SERGIO FÉLIX;GALILEA;OCON;MIEMBRO ÓRGANO EJECUTIVO;PRIMERA DECLARACIÓN (POR ASUNCIÓN DE CARGO);PARTIDO POR LA DEMOCRACIA
2018-03-13T00:00:00Z;NICHOLAS;SHEA;CAREY;MIEMBRO ÓRGANO EJECUTIVO;PRIMERA DECLARACIÓN (POR ASUNCIÓN DE CARGO);TODOS
2018-03-30T00:00:00Z;IGNACIO ANTONIO;PONCE;ABARCA;MIEMBRO ÓRGANO EJECUTIVO;PRIMERA DECLARACIÓN (POR ASUNCIÓN DE CARGO);POR LA INTEGRACIÓN REGIONAL
2019-03-28T00:00:00Z;JUAN ENRIQUE;PRIETO;URZÚA;MIEMBRO ÓRGANO EJECUTIVO;PRIMERA DECLARACIÓN (POR ASUNCIÓN DE CARGO);PARTIDO HUMANISTA
2019-03-29T00:00:00Z;MAURICIO ANDRÉS;ANDREWS;CARRASCO;MIEMBRO ÓRGANO EJECUTIVO;PRIMERA DECLARACIÓN (POR ASUNCIÓN DE CARGO);PARTIDO RADICAL SOCIALDEMÓCRATA
2019-03-28T00:00:00Z;CATALINA VALESKA;VALENZUELA;MAUREIRA;MIEMBRO ÓRGANO EJECUTIVO;PRIMERA DECLARACIÓN (POR ASUNCIÓN DE CARGO);PARTIDO HUMANISTA
2018-04-11T00:00:00Z;SARA FILOMENA;HUENCHUPIL;DIAZ;MIEMBRO ÓRGANO EJECUTIVO;PRIMERA DECLARACIÓN (POR ASUNCIÓN DE CARGO);WALLMAPUWEN
2019-03-28T00:00:00Z;ÓSCAR ANTONIO;ONELL;LUCERO;MIEMBRO ÓRGANO EJECUTIVO;PRIMERA DECLARACIÓN (POR ASUNCIÓN DE CARGO);PARTIDO HUMANISTA
2018-10-19T00:00:00Z;ROSA EUNICE;FUENZALIDA;TORRES;MIEMBRO ÓRGANO EJECUTIVO;PRIMERA DECLARACIÓN (POR ASUNCIÓN DE CARGO);PARTIDO RADICAL SOCIALDEMÓCRATA
2018-10-25T00:00:00Z;GUILLERMO ABRAHAM;GONZÁLEZ;CASTRO;MIEMBRO ÓRGANO EJECUTIVO;PRIMERA DECLARACIÓN (POR ASUNCIÓN DE CARGO);PARTIDO IGUALDAD
2018-11-13T00:00:00Z;LILET;ROSAS;PEZO;MIEMBRO ÓRGANO EJECUTIVO;PRIMERA DECLARACIÓN (POR ASUNCIÓN DE CARGO);PARTIDO RADICAL SOCIALDEMÓCRATA
2018-08-20T00:00:00Z;GASTÓN BERNABÉ;DELGADO;ÁLVAREZ;MIEMBRO ÓRGANO EJECUTIVO;PRIMERA DECLARACIÓN (POR ASUNCIÓN DE CARGO);PARTIDO POR LA DEMOCRACIA
2019-04-05T00:00:00Z;JUAN CRISTOBAL;LETURIA;INFANTE;MIEMBRO ÓRGANO EJECUTIVO;PRIMERA DECLARACIÓN (POR ASUNCIÓN DE CARGO);UNIÓN DEMÓCRATA INDEPENDIENTE
2017-05-12T00:00:00Z;CRISTIAN HERNANDO;TAPIA;RAMOS;MIEMBRO ÓRGANO EJECUTIVO;PRIMERA DECLARACIÓN (POR ASUNCIÓN DE CARGO);MAS-REGIÓN
2018-03-31T00:00:00Z;JOSÉ ANTONIO;RAMÍREZ;ARRAYAS;MIEMBRO ÓRGANO EJECUTIVO;PRIMERA DECLARACIÓN (POR ASUNCIÓN DE CARGO);PARTIDO POR LA DEMOCRACIA
2018-03-31T00:00:00Z;VERÓNICA GRACIELA;CIFUENTES;GUTIERREZ;MIEMBRO ÓRGANO EJECUTIVO;PRIMERA DECLARACIÓN (POR ASUNCIÓN DE CARGO);PARTIDO PROGRESISTA
2018-03-31T00:00:00Z;VALERIA DEL ROSARIO;GALLARDO;HENRÍQUEZ;MIEMBRO ÓRGANO EJECUTIVO;PRIMERA DECLARACIÓN (POR ASUNCIÓN DE CARGO);PARTIDO POR LA DEMOCRACIA
2018-03-29T00:00:00Z;JORGE EDUARDO;ARACENA;CERDA;MIEMBRO ÓRGANO EJECUTIVO;PRIMERA DECLARACIÓN (POR ASUNCIÓN DE CARGO);POR LA INTEGRACIÓN REGIONAL
2018-03-30T00:00:00Z;CRISTIAN ALFREDO;RODRÍGUEZ;SALAS;MIEMBRO ÓRGANO EJECUTIVO;PRIMERA DECLARACIÓN (POR ASUNCIÓN DE CARGO);PARTIDO POR LA DEMOCRACIA
2018-09-03T00:00:00Z;VERÓNICA GRACIELA;CIFUENTES;GUTIERREZ;MIEMBRO ÓRGANO EJECUTIVO;PRIMERA DECLARACIÓN (POR ASUNCIÓN DE CARGO);PAIS PROGRESISTA
2018-09-23T00:00:00Z;RENZO ITALO;GALGANI;FONSECA;MIEMBRO ÓRGANO EJECUTIVO;PRIMERA DECLARACIÓN (POR ASUNCIÓN DE CARGO);PAIS PROGRESISTA
2018-09-27T00:00:00Z;LEONARDO ENRIQUE;CUBILLOS;RAMÍREZ;MIEMBRO ÓRGANO EJECUTIVO;PRIMERA DECLARACIÓN (POR ASUNCIÓN DE CARGO);PARTIDO RADICAL SOCIALDEMÓCRATA
2018-10-30T00:00:00Z;MAURICIO ANDRÉS;ANDREWS;CARRASCO;MIEMBRO ÓRGANO EJECUTIVO;PRIMERA DECLARACIÓN (POR ASUNCIÓN DE CARGO);PARTIDO RADICAL SOCIALDEMÓCRATA
2018-10-22T00:00:00Z;JACQUELINE CARMEN;CASTILLO;ROBLERO;MIEMBRO ÓRGANO EJECUTIVO;PRIMERA DECLARACIÓN (POR ASUNCIÓN DE CARGO);PARTIDO RADICAL SOCIALDEMÓCRATA
2018-08-07T00:00:00Z;CAMILA;BRUNA;FAUNDES;MIEMBRO ÓRGANO EJECUTIVO;PRIMERA DECLARACIÓN (POR ASUNCIÓN DE CARGO);PARTIDO POR LA DEMOCRACIA
2018-04-16T00:00:00Z;CECILIA LIZ;FARÍAS;RIVERA;MIEMBRO ÓRGANO EJECUTIVO;PRIMERA DECLARACIÓN (POR ASUNCIÓN DE CARGO);ANDHA CHILE
2017-03-07T00:00:00Z;CECILIA LIZ;FARÍAS;RIVERA;MIEMBRO ÓRGANO EJECUTIVO;PRIMERA DECLARACIÓN (POR ASUNCIÓN DE CARGO);ANDHA CHILE
2019-06-11T00:00:00Z;CLAUDIA MARGARITA;OJEDA;MOYA;MIEMBRO ÓRGANO EJECUTIVO;PRIMERA DECLARACIÓN (POR ASUNCIÓN DE CARGO);PARTIDO HUMANISTA
2019-06-24T00:00:00Z;FERNANDO PATRICIO;LEPE;MIRANDA;MIEMBRO ÓRGANO EJECUTIVO;PRIMERA DECLARACIÓN (POR ASUNCIÓN DE CARGO);PARTIDO POR LA DEMOCRACIA
2018-03-26T00:00:00Z;GUILLERMO ISMAEL;ALLENDE;GONZÁLEZ;MIEMBRO ÓRGANO EJECUTIVO;PRIMERA DECLARACIÓN (POR ASUNCIÓN DE CARGO);PARTIDO PAÍS
2018-03-31T00:00:00Z;CRISTIAN ANTONIO;PEÑALOZA;RAMÍREZ;MIEMBRO ÓRGANO EJECUTIVO;PRIMERA DECLARACIÓN (POR ASUNCIÓN DE CARGO);POR LA INTEGRACIÓN REGIONAL
2018-03-31T00:00:00Z;LUIS ANTONIO;CORTÉS;JIMÉNEZ;MIEMBRO ÓRGANO EJECUTIVO;PRIMERA DECLARACIÓN (POR ASUNCIÓN DE CARGO);POR LA INTEGRACIÓN REGIONAL
2018-10-16T00:00:00Z;OSCAR DAMIÁN;ARAYA;ZÚÑIGA;MIEMBRO ÓRGANO EJECUTIVO;PRIMERA DECLARACIÓN (POR ASUNCIÓN DE CARGO);PARTIDO RADICAL SOCIALDEMÓCRATA
2019-01-13T00:00:00Z;ANGELA TERESA;GALLARDO;SUÁREZ;MIEMBRO ÓRGANO EJECUTIVO;PRIMERA DECLARACIÓN (POR ASUNCIÓN DE CARGO);IZQUIERDA ANTICAPITALISTA DE LOS TRABAJADORES
2019-03-27T00:00:00Z;SANDRA TATIANA;VELÁSQUEZ;PALMA;MIEMBRO ÓRGANO EJECUTIVO;PRIMERA DECLARACIÓN (POR ASUNCIÓN DE CARGO);PARTIDO HUMANISTA
2018-06-18T00:00:00Z;MARCELO IVÁN;CÁRDENAS;ÁLVAREZ;MIEMBRO ÓRGANO EJECUTIVO;PRIMERA DECLARACIÓN (POR ASUNCIÓN DE CARGO);PAIS PROGRESISTA
2019-03-28T00:00:00Z;ANA GRICELLE;ABARCA;ABARCA;MIEMBRO ÓRGANO EJECUTIVO;PRIMERA DECLARACIÓN (POR ASUNCIÓN DE CARGO);PARTIDO HUMANISTA
2017-11-27T00:00:00Z;PEDRO PABLO;VALDIVIA;VICENCIO;MIEMBRO ÓRGANO EJECUTIVO;PRIMERA DECLARACIÓN (POR ASUNCIÓN DE CARGO);FEDERACIÓN REGIONALISTA VERDE SOCIAL
2017-11-28T00:00:00Z;JUAN FRANCISCO;GAMBOA;HIGUERA;MIEMBRO ÓRGANO EJECUTIVO;PRIMERA DECLARACIÓN (POR ASUNCIÓN DE CARGO);PARTIDO DE TRABAJADORES REVOLUCIONARIOS
2018-07-04T00:00:00Z;CAMILO ERNESTO;LAGOS;MIRANDA;MIEMBRO ÓRGANO EJECUTIVO;PRIMERA DECLARACIÓN (POR ASUNCIÓN DE CARGO);PAIS PROGRESISTA
2018-10-18T00:00:00Z;RAÚL;RIVERA;GALLARDO;MIEMBRO ÓRGANO EJECUTIVO;PRIMERA DECLARACIÓN (POR ASUNCIÓN DE CARGO);PARTIDO RADICAL SOCIALDEMÓCRATA
2018-10-10T00:00:00Z;MARIO FRANCISCO;PÉREZ;NAVARRO;MIEMBRO ÓRGANO EJECUTIVO;PRIMERA DECLARACIÓN (POR ASUNCIÓN DE CARGO);PARTIDO RADICAL SOCIALDEMÓCRATA
2018-10-18T00:00:00Z;RICARDO OSVALDO;NAVARRETE;BETANZO;MIEMBRO ÓRGANO EJECUTIVO;PRIMERA DECLARACIÓN (POR ASUNCIÓN DE CARGO);PARTIDO RADICAL SOCIALDEMÓCRATA
2018-12-07T00:00:00Z;MARIO;VARELA;HERRERA;MIEMBRO ÓRGANO EJECUTIVO;PRIMERA DECLARACIÓN (POR ASUNCIÓN DE CARGO);UNIÓN DEMÓCRATA INDEPENDIENTE
2018-12-18T00:00:00Z;MARITZA ISABEL;CABRERA;TORRES;MIEMBRO ÓRGANO EJECUTIVO;PRIMERA DECLARACIÓN (POR ASUNCIÓN DE CARGO);PARTIDO RADICAL SOCIALDEMÓCRATA
2019-03-26T00:00:00Z;REMBERTO ARMANDO;BRAVO;ACEVEDO;MIEMBRO ÓRGANO EJECUTIVO;PRIMERA DECLARACIÓN (POR ASUNCIÓN DE CARGO);PARTIDO REGIONALISTA INDEPENDIENTE DEMÓCRATA
2019-04-09T00:00:00Z;CARLOS RODRIGO;CARAMORI;DONOSO;MIEMBRO ÓRGANO EJECUTIVO;PRIMERA DECLARACIÓN (POR ASUNCIÓN DE CARGO);PARTIDO REGIONALISTA INDEPENDIENTE DEMÓCRATA
2019-05-13T00:00:00Z;JAVIERA CATALINA;LOOMIS;RÍOS;MIEMBRO ÓRGANO EJECUTIVO;PRIMERA DECLARACIÓN (POR ASUNCIÓN DE CARGO);PARTIDO REVOLUCIÓN DEMOCRÁTICA
2019-10-10T00:00:00Z;KARLA CATHERINE;URZÚA;URZÚA;MIEMBRO ÓRGANO EJECUTIVO;PRIMERA DECLARACIÓN (POR ASUNCIÓN DE CARGO);PARTIDO POR LA DEMOCRACIA
2019-10-11T00:00:00Z;PATRICIA IRENE;RUBIO;ESCOBAR;MIEMBRO ÓRGANO EJECUTIVO;PRIMERA DECLARACIÓN (POR ASUNCIÓN DE CARGO);PARTIDO POR LA DEMOCRACIA
2019-11-07T00:00:00Z;JAIME RODRIGO;ROMERO;ALVAREZ;MIEMBRO ÓRGANO EJECUTIVO;PRIMERA DECLARACIÓN (POR ASUNCIÓN DE CARGO);PARTIDO SOCIALISTA DE CHILE
2019-10-25T00:00:00Z;VALERIA;VILLEGAS;MAYOR;MIEMBRO ÓRGANO EJECUTIVO;PRIMERA DECLARACIÓN (POR ASUNCIÓN DE CARGO);PARTIDO RADICAL DE CHILE
2020-05-13T00:00:00Z;FRANCISCO JAVIER;LETURIA;MERMOD;MIEMBRO ÓRGANO EJECUTIVO;PRIMERA DECLARACIÓN (POR ASUNCIÓN DE CARGO);PARTIDO REPUBLICANO DE CHILE
2020-07-21T00:00:00Z;MARIO AGUSTIN;ZULOAGA;ORREGO;MIEMBRO ÓRGANO EJECUTIVO;PRIMERA DECLARACIÓN (POR ASUNCIÓN DE CARGO);PARTIDO NACIONAL CIUDADANO
2020-07-21T00:00:00Z;SANDRA MARIA;ACUÑA;QUIJON;MIEMBRO ÓRGANO EJECUTIVO;PRIMERA DECLARACIÓN (POR ASUNCIÓN DE CARGO);PARTIDO NACIONAL CIUDADANO
2020-12-09T00:00:00Z;CAMILO ANDRE;BASTIAS;FLORES;MIEMBRO ÓRGANO EJECUTIVO;PRIMERA DECLARACIÓN (POR ASUNCIÓN DE CARGO);CIUDADANOS
2019-12-30T00:00:00Z;CAROLINA;CONTRERAS;BERRÍOS;MIEMBRO ÓRGANO EJECUTIVO;PRIMERA DECLARACIÓN (POR ASUNCIÓN DE CARGO);PARTIDO EVOLUCIÓN POLÍTICA
2020-01-31T00:00:00Z;VÍCTOR ALFONSO;VALENZUELA;GÓMEZ;MIEMBRO ÓRGANO EJECUTIVO;PRIMERA DECLARACIÓN (POR ASUNCIÓN DE CARGO);PARTIDO REGIONALISTA INDEPENDIENTE DEMÓCRATA
2021-01-01T00:00:00Z;ESTEBAN JACOB;PEREZ;CARDENAS;MIEMBRO ÓRGANO EJECUTIVO;PRIMERA DECLARACIÓN (POR ASUNCIÓN DE CARGO);PARTIDO CONSERVADOR CRISTIANO
2020-03-30T00:00:00Z;MAURICIO ANDRÉS;ANDREWS;CARRASCO;MIEMBRO ÓRGANO EJECUTIVO;PRIMERA DECLARACIÓN (POR ASUNCIÓN DE CARGO);PARTIDO RADICAL SOCIALDEMÓCRATA
2020-03-30T00:00:00Z;JUAN ENRIQUE;PRIETO;URZÚA;MIEMBRO ÓRGANO EJECUTIVO;PRIMERA DECLARACIÓN (POR ASUNCIÓN DE CARGO);PARTIDO HUMANISTA
2020-12-28T00:00:00Z;JORGE ALEJANDRO;SEPULVEDA;ROSALES;MIEMBRO ÓRGANO EJECUTIVO;PRIMERA DECLARACIÓN (POR ASUNCIÓN DE CARGO);PARTIDO CONSERVADOR CRISTIANO
2021-08-27T00:00:00Z;FRANCISCO JAVIER;CHAHUÁN;CHAHUÁN;MIEMBRO ÓRGANO EJECUTIVO;PRIMERA DECLARACIÓN (POR ASUNCIÓN DE CARGO);RENOVACIÓN NACIONAL
2020-04-26T00:00:00Z;JAVIERA CATALINA;LOOMIS;RÍOS;MIEMBRO ÓRGANO EJECUTIVO;PRIMERA DECLARACIÓN (POR ASUNCIÓN DE CARGO);PARTIDO REVOLUCIÓN DEMOCRÁTICA
2020-05-19T00:00:00Z;SAMUEL LUIS;VALENZUELA;SALAZAR;MIEMBRO ÓRGANO EJECUTIVO;PRIMERA DECLARACIÓN (POR ASUNCIÓN DE CARGO);RENOVACIÓN NACIONAL
2020-03-31T00:00:00Z;GASTÓN BERNABÉ;DELGADO;ÁLVAREZ;MIEMBRO ÓRGANO EJECUTIVO;PRIMERA DECLARACIÓN (POR ASUNCIÓN DE CARGO);PARTIDO POR LA DEMOCRACIA
2020-03-31T00:00:00Z;FERNANDO PATRICIO;LEPE;MIRANDA;MIEMBRO ÓRGANO EJECUTIVO;PRIMERA DECLARACIÓN (POR ASUNCIÓN DE CARGO);PARTIDO POR LA DEMOCRACIA
2020-03-31T00:00:00Z;CATALINA VALESKA;VALENZUELA;MAUREIRA;MIEMBRO ÓRGANO EJECUTIVO;PRIMERA DECLARACIÓN (POR ASUNCIÓN DE CARGO);PARTIDO HUMANISTA
2020-06-17T00:00:00Z;NICOLÁS;CERDA;DÍEZ;MIEMBRO ÓRGANO EJECUTIVO;PRIMERA DECLARACIÓN (POR ASUNCIÓN DE CARGO);RENOVACIÓN NACIONAL
2020-08-13T00:00:00Z;MARÍA IDILIA;GATICA;GAJARDO;MIEMBRO ÓRGANO EJECUTIVO;PRIMERA DECLARACIÓN (POR ASUNCIÓN DE CARGO);PARTIDO REPUBLICANO DE CHILE
2021-03-30T00:00:00Z;SANDRA TATIANA;VELÁSQUEZ;PALMA;MIEMBRO ÓRGANO EJECUTIVO;PRIMERA DECLARACIÓN (POR ASUNCIÓN DE CARGO);PARTIDO HUMANISTA
2021-11-30T00:00:00Z;JUAN CARLOS;GARCIA;PEREZ DE ARCE;MIEMBRO ÓRGANO EJECUTIVO;PRIMERA DECLARACIÓN (POR ASUNCIÓN DE CARGO);PARTIDO LIBERAL DE CHILE
2021-08-23T00:00:00Z;DIEGO IGNACIO;SCHALPER;SEPÚLVEDA;MIEMBRO ÓRGANO EJECUTIVO;PRIMERA DECLARACIÓN (POR ASUNCIÓN DE CARGO);RENOVACIÓN NACIONAL
2021-08-16T00:00:00Z;SOFÍA SLOVENA;CID;VERSALOVIC;MIEMBRO ÓRGANO EJECUTIVO;PRIMERA DECLARACIÓN (POR ASUNCIÓN DE CARGO);RENOVACIÓN NACIONAL
2021-08-11T00:00:00Z;JOSÉ GILBERTO;GARCÍA;RUMINOT;MIEMBRO ÓRGANO EJECUTIVO;PRIMERA DECLARACIÓN (POR ASUNCIÓN DE CARGO);RENOVACIÓN NACIONAL
2021-11-10T00:00:00Z;JULIETTE CRISTINA;VILLALOBOS;CARES;MIEMBRO ÓRGANO EJECUTIVO;PRIMERA DECLARACIÓN (POR ASUNCIÓN DE CARGO);PARTIDO DE LA GENTE
2021-11-03T00:00:00Z;GONZALO ANDRES;CHACON;LARRAIN;MIEMBRO ÓRGANO EJECUTIVO;PRIMERA DECLARACIÓN (POR ASUNCIÓN DE CARGO);RENOVACIÓN NACIONAL
2021-03-25T00:00:00Z;YANNA PATRICIA;SOBARZO;ORTEGA;MIEMBRO ÓRGANO EJECUTIVO;PRIMERA DECLARACIÓN (POR ASUNCIÓN DE CARGO);CIUDADANOS
2021-03-31T00:00:00Z;SERGIO;GAHONA;SALAZAR;MIEMBRO ÓRGANO EJECUTIVO;PRIMERA DECLARACIÓN (POR ASUNCIÓN DE CARGO);UNIÓN DEMÓCRATA INDEPENDIENTE
2021-03-31T00:00:00Z;CAMILA ANTONIA AMARANTA;VALLEJO;DOWLING;MIEMBRO ÓRGANO EJECUTIVO;PRIMERA DECLARACIÓN (POR ASUNCIÓN DE CARGO);PARTIDO COMUNISTA DE CHILE
2021-09-26T00:00:00Z;ALBERTO ANTONIO;PIZARRO;CHAÑILAO;MIEMBRO ÓRGANO EJECUTIVO;PRIMERA DECLARACIÓN (POR ASUNCIÓN DE CARGO);PARTIDO POR LA DEMOCRACIA
2021-09-27T00:00:00Z;MAXIMILIANO;RÍOS;GALLEGUILLOS;MIEMBRO ÓRGANO EJECUTIVO;PRIMERA DECLARACIÓN (POR ASUNCIÓN DE CARGO);PARTIDO POR LA DEMOCRACIA
2021-08-09T00:00:00Z;KARIN CLAUDIA;LUCK;URBAN;MIEMBRO ÓRGANO EJECUTIVO;PRIMERA DECLARACIÓN (POR ASUNCIÓN DE CARGO);RENOVACIÓN NACIONAL
2022-04-10T00:00:00Z;GUSTAVO;SANHUEZA;DUEÑAS;MIEMBRO ÓRGANO EJECUTIVO;PRIMERA DECLARACIÓN (POR ASUNCIÓN DE CARGO);UNIÓN DEMÓCRATA INDEPENDIENTE
2022-03-04T00:00:00Z;MACARENA DEL CARMEN;BRAVO;ROJAS;MIEMBRO ÓRGANO EJECUTIVO;PRIMERA DECLARACIÓN (POR ASUNCIÓN DE CARGO);PARTIDO REPUBLICANO DE CHILE
2022-03-03T00:00:00Z;PATRICIO ALEJANDRO;MORALES;FERNÁNDEZ;MIEMBRO ÓRGANO EJECUTIVO;PRIMERA DECLARACIÓN (POR ASUNCIÓN DE CARGO);PARTIDO LIBERAL DE CHILE
2023-01-04T00:00:00Z;MARIA TERESA;VELIZ;GUERRA;MIEMBRO ÓRGANO EJECUTIVO;PRIMERA DECLARACIÓN (POR ASUNCIÓN DE CARGO);PARTIDO RADICAL DE CHILE
2021-12-10T00:00:00Z;NICOLE DANIELA;TRONCOSO;HINOSTROZA;MIEMBRO ÓRGANO EJECUTIVO;PRIMERA DECLARACIÓN (POR ASUNCIÓN DE CARGO);PARTIDO LIBERAL DE CHILE
2021-11-29T00:00:00Z;CLAUDIA ALEJANDRA;ARIAS;OCHOA;MIEMBRO ÓRGANO EJECUTIVO;PRIMERA DECLARACIÓN (POR ASUNCIÓN DE CARGO);PARTIDO DE LA GENTE
2021-09-21T00:00:00Z;JOSÉ ALFREDO;TORO;KEMP;MIEMBRO ÓRGANO EJECUTIVO;PRIMERA DECLARACIÓN (POR ASUNCIÓN DE CARGO);PARTIDO POR LA DEMOCRACIA
2021-12-22T00:00:00Z;SOLANGE PATRICIA;GUTIÉRREZ;VIDELA;MIEMBRO ÓRGANO EJECUTIVO;PRIMERA DECLARACIÓN (POR ASUNCIÓN DE CARGO);PARTIDO LIBERAL DE CHILE
2021-12-31T00:00:00Z;GUILLERMO ANDRÉS;MORENO;BARRIOS;MIEMBRO ÓRGANO EJECUTIVO;PRIMERA DECLARACIÓN (POR ASUNCIÓN DE CARGO);PARTIDO LIBERAL DE CHILE
2021-12-28T00:00:00Z;MARÍA ANGÉLICA;CARRASCO;PATUELLI;MIEMBRO ÓRGANO EJECUTIVO;PRIMERA DECLARACIÓN (POR ASUNCIÓN DE CARGO);PARTIDO HUMANISTA
2021-12-31T00:00:00Z;ALEJANDRA ISABEL;CORTES;VASQUEZ;MIEMBRO ÓRGANO EJECUTIVO;PRIMERA DECLARACIÓN (POR ASUNCIÓN DE CARGO);PARTIDO LIBERAL DE CHILE
2022-08-31T00:00:00Z;JACQUELINE CARMEN;CASTILLO;ROBLERO;MIEMBRO ÓRGANO EJECUTIVO;PRIMERA DECLARACIÓN (POR ASUNCIÓN DE CARGO);PARTIDO RADICAL DE CHILE
2022-08-29T00:00:00Z;ALFONSO ARTURO;DE URRESTI;LONGTON;MIEMBRO ÓRGANO EJECUTIVO;PRIMERA DECLARACIÓN (POR ASUNCIÓN DE CARGO);PARTIDO SOCIALISTA DE CHILE
2022-09-01T00:00:00Z;MACARENA ANDREA;INOSTROZA;TORRES;MIEMBRO ÓRGANO EJECUTIVO;PRIMERA DECLARACIÓN (POR ASUNCIÓN DE CARGO);PARTIDO RADICAL DE CHILE
2022-08-25T00:00:00Z;ARACELI VICTORIA;FARIAS;JORQUERA;MIEMBRO ÓRGANO EJECUTIVO;PRIMERA DECLARACIÓN (POR ASUNCIÓN DE CARGO);PARTIDO REVOLUCIÓN DEMOCRÁTICA
2022-09-03T00:00:00Z;JOSÉ;PÉREZ;ARRIAGADA;MIEMBRO ÓRGANO EJECUTIVO;PRIMERA DECLARACIÓN (POR ASUNCIÓN DE CARGO);PARTIDO RADICAL DE CHILE
2022-08-26T00:00:00Z;LORENA CAROLINA;CISTERNAS;HERRERA;MIEMBRO ÓRGANO EJECUTIVO;PRIMERA DECLARACIÓN (POR ASUNCIÓN DE CARGO);PARTIDO REVOLUCIÓN DEMOCRÁTICA
2022-09-02T00:00:00Z;VIVIANNE;FERNÁNDEZ;MORA;MIEMBRO ÓRGANO EJECUTIVO;PRIMERA DECLARACIÓN (POR ASUNCIÓN DE CARGO);PARTIDO RADICAL DE CHILE
2022-09-03T00:00:00Z;PATRICIA;ORTEGA;VALENCIA;MIEMBRO ÓRGANO EJECUTIVO;PRIMERA DECLARACIÓN (POR ASUNCIÓN DE CARGO);PARTIDO RADICAL DE CHILE
2022-09-01T00:00:00Z;JORGE;CALDERON;NUÑEZ;MIEMBRO ÓRGANO EJECUTIVO;PRIMERA DECLARACIÓN (POR ASUNCIÓN DE CARGO);PARTIDO RADICAL DE CHILE
2022-08-24T00:00:00Z;MAXIMILIANO ADOLFO;MOREL;NUÑEZ;MIEMBRO ÓRGANO EJECUTIVO;PRIMERA DECLARACIÓN (POR ASUNCIÓN DE CARGO);PARTIDO REVOLUCIÓN DEMOCRÁTICA
2022-08-29T00:00:00Z;EDSON;DETTONI;ANDRADE;MIEMBRO ÓRGANO EJECUTIVO;PRIMERA DECLARACIÓN (POR ASUNCIÓN DE CARGO);PARTIDO REVOLUCIÓN DEMOCRÁTICA
2022-09-02T00:00:00Z;MARCELO RICARDO;ENCINA;MUÑOZ;MIEMBRO ÓRGANO EJECUTIVO;PRIMERA DECLARACIÓN (POR ASUNCIÓN DE CARGO);PARTIDO RADICAL DE CHILE
2022-09-01T00:00:00Z;SARA NATACHA;ORÓSTICA;OLAYA;MIEMBRO ÓRGANO EJECUTIVO;PRIMERA DECLARACIÓN (POR ASUNCIÓN DE CARGO);PARTIDO RADICAL DE CHILE
2022-09-01T00:00:00Z;CESAR;BRAVO;CASTILLO;MIEMBRO ÓRGANO EJECUTIVO;PRIMERA DECLARACIÓN (POR ASUNCIÓN DE CARGO);PARTIDO RADICAL DE CHILE
2022-09-03T00:00:00Z;LINETTE DEL CARMEN;MUÑOZ;RAMIREZ;MIEMBRO ÓRGANO EJECUTIVO;PRIMERA DECLARACIÓN (POR ASUNCIÓN DE CARGO);PARTIDO RADICAL DE CHILE
2022-09-01T00:00:00Z;RODRIGO ANDRES;BAEZA;BOYARDI;MIEMBRO ÓRGANO EJECUTIVO;PRIMERA DECLARACIÓN (POR ASUNCIÓN DE CARGO);PARTIDO RADICAL DE CHILE
2022-08-31T00:00:00Z;GONZALO HERNÁN;BASCUÑÁN;VARGAS;MIEMBRO ÓRGANO EJECUTIVO;PRIMERA DECLARACIÓN (POR ASUNCIÓN DE CARGO);PARTIDO RADICAL DE CHILE
2022-09-02T00:00:00Z;ERNESTO ELEODORO;PAILLÁN;HERNÁNDEZ;MIEMBRO ÓRGANO EJECUTIVO;PRIMERA DECLARACIÓN (POR ASUNCIÓN DE CARGO);PARTIDO RADICAL DE CHILE
2023-03-23T00:00:00Z;MONSERRAT ISABEL FRANCISCA;RISCO;PARADA;MIEMBRO ÓRGANO EJECUTIVO;PRIMERA DECLARACIÓN (POR ASUNCIÓN DE CARGO);UNIÓN DEMÓCRATA INDEPENDIENTE
2023-03-28T00:00:00Z;PATRICIA;ORTEGA;VALENCIA;MIEMBRO ÓRGANO EJECUTIVO;PRIMERA DECLARACIÓN (POR ASUNCIÓN DE CARGO);PARTIDO RADICAL DE CHILE
2023-03-27T00:00:00Z;JACQUELINE CARMEN;CASTILLO;ROBLERO;MIEMBRO ÓRGANO EJECUTIVO;PRIMERA DECLARACIÓN (POR ASUNCIÓN DE CARGO);PARTIDO RADICAL DE CHILE
2023-03-27T00:00:00Z;ANGEL ARTURO;ROA;ALEGRIA;MIEMBRO ÓRGANO EJECUTIVO;PRIMERA DECLARACIÓN (POR ASUNCIÓN DE CARGO);PARTIDO SOCIAL CRISTIANO
2023-03-27T00:00:00Z;NATALIA BERNARDITA;IBAÑEZ;DONOSO;MIEMBRO ÓRGANO EJECUTIVO;PRIMERA DECLARACIÓN (POR ASUNCIÓN DE CARGO);PARTIDO HUMANISTA
2023-03-28T00:00:00Z;CAROLINA SOLEDAD;BARRIA;KEMP;MIEMBRO ÓRGANO EJECUTIVO;PRIMERA DECLARACIÓN (POR ASUNCIÓN DE CARGO);PARTIDO SOCIAL CRISTIANO
2023-03-25T00:00:00Z;OSCAR LUIS BENJAMIN;OYARZO;HIDALGO;MIEMBRO ÓRGANO EJECUTIVO;PRIMERA DECLARACIÓN (POR ASUNCIÓN DE CARGO);PARTIDO ACCIÓN HUMANISTA
2023-03-30T00:00:00Z;ALFONSO ARTURO;DE URRESTI;LONGTON;MIEMBRO ÓRGANO EJECUTIVO;PRIMERA DECLARACIÓN (POR ASUNCIÓN DE CARGO);PARTIDO SOCIALISTA DE CHILE
2023-05-03T00:00:00Z;MARCELA;CAMPOLO;FERNÁNDEZ;MIEMBRO ÓRGANO EJECUTIVO;PRIMERA DECLARACIÓN (POR ASUNCIÓN DE CARGO);PARTIDO ACCIÓN HUMANISTA
2023-06-14T00:00:00Z;LUIS;SILVA;IRARRAZAVAL;MIEMBRO ÓRGANO EJECUTIVO;PRIMERA DECLARACIÓN (POR ASUNCIÓN DE CARGO);PARTIDO REPUBLICANO DE CHILE
2023-09-08T00:00:00Z;PAOLA;MARÍN;MARTINEZ;MIEMBRO ÓRGANO EJECUTIVO;PRIMERA DECLARACIÓN (POR ASUNCIÓN DE CARGO);MOVIMIENTO AMARILLOS POR CHILE
2023-09-07T00:00:00Z;FERNANDO;GIPOULOU;ANDRADE;MIEMBRO ÓRGANO EJECUTIVO;PRIMERA DECLARACIÓN (POR ASUNCIÓN DE CARGO);MOVIMIENTO AMARILLOS POR CHILE
2023-09-08T00:00:00Z;GONZALO;ROJAS-MAY;ORTIZ;MIEMBRO ÓRGANO EJECUTIVO;PRIMERA DECLARACIÓN (POR ASUNCIÓN DE CARGO);MOVIMIENTO AMARILLOS POR CHILE
2023-09-04T00:00:00Z;GABRIELA;RIUTORT;BARRENCHEA;MIEMBRO ÓRGANO EJECUTIVO;PRIMERA DECLARACIÓN (POR ASUNCIÓN DE CARGO);MOVIMIENTO AMARILLOS POR CHILE
2021-03-31T00:00:00Z;OSCAR DANIEL;JADUE;JADUE;MIEMBRO ÓRGANO EJECUTIVO;PRIMERA DECLARACIÓN (POR ASUNCIÓN DE CARGO);PARTIDO COMUNISTA DE CHILE
2021-03-25T00:00:00Z;YANNA PATRICIA;SOBARZO;ORTEGA;MIEMBRO ÓRGANO EJECUTIVO;PRIMERA DECLARACIÓN (POR ASUNCIÓN DE CARGO);CIUDADANOS
2021-04-05T00:00:00Z;FERNANDO PATRICIO;LEPE;MIRANDA;MIEMBRO ÓRGANO EJECUTIVO;PRIMERA DECLARACIÓN (POR ASUNCIÓN DE CARGO);PARTIDO POR LA DEMOCRACIA
2021-04-20T00:00:00Z;JOSE MANUEL;PALACIO;PARRA;MIEMBRO ÓRGANO EJECUTIVO;PRIMERA DECLARACIÓN (POR ASUNCIÓN DE CARGO);UNIÓN DEMÓCRATA INDEPENDIENTE
2021-04-20T00:00:00Z;SANDRA MARIA;ACUÑA;QUIJON;MIEMBRO ÓRGANO EJECUTIVO;PRIMERA DECLARACIÓN (POR ASUNCIÓN DE CARGO);PARTIDO NACIONAL CIUDADANO
2022-04-29T00:00:00Z;GIANNI MAURICIO;RIVERA;FOO;MIEMBRO ÓRGANO EJECUTIVO;PRIMERA DECLARACIÓN (POR ASUNCIÓN DE CARGO);PARTIDO DEMÓCRATA CRISTIANO
2018-10-26T00:00:00Z;CARLOS DOMINGO;MALDONADO;CURTI;MIEMBRO ÓRGANO EJECUTIVO;PRIMERA DECLARACIÓN (POR ASUNCIÓN DE CARGO);PARTIDO RADICAL SOCIALDEMÓCRATA
2020-10-19T00:00:00Z;ÍTALO ARMANDO;ZUNINO;BESNIER;MIEMBRO ÓRGANO EJECUTIVO;PRIMERA DECLARACIÓN (POR ASUNCIÓN DE CARGO);PARTIDO EVOLUCIÓN POLÍTICA
2020-10-15T00:00:00Z;ÍTALO ARMANDO;ZUNINO;BESNIER;MIEMBRO ÓRGANO EJECUTIVO;PRIMERA DECLARACIÓN (POR ASUNCIÓN DE CARGO);PARTIDO EVOLUCIÓN POLÍTICA
2023-01-17T00:00:00Z;JUAN CARLOS;GONZÁLEZ;CALDERÓN;MIEMBRO ÓRGANO EJECUTIVO;PRIMERA DECLARACIÓN (POR ASUNCIÓN DE CARGO);PARTIDO EVOLUCIÓN POLÍTICA
2023-01-17T00:00:00Z;GLORIA DE LOS ANGELES;HUTT;HESSE;MIEMBRO ÓRGANO EJECUTIVO;PRIMERA DECLARACIÓN (POR ASUNCIÓN DE CARGO);PARTIDO EVOLUCIÓN POLÍTICA
2023-01-17T00:00:00Z;JOSE IGNACIO;MORENO;ZULOAGA;MIEMBRO ÓRGANO EJECUTIVO;PRIMERA DECLARACIÓN (POR ASUNCIÓN DE CARGO);PARTIDO EVOLUCIÓN POLÍTICA
2023-01-25T00:00:00Z;TOMÁS RENÉ;HIRSCH;GOLDSCHMIDT;MIEMBRO ÓRGANO EJECUTIVO;PRIMERA DECLARACIÓN (POR ASUNCIÓN DE CARGO);PARTIDO ACCIÓN HUMANISTA
2023-01-18T00:00:00Z;MARIA JOSE;HERRERA;BRUMMER;MIEMBRO ÓRGANO EJECUTIVO;PRIMERA DECLARACIÓN (POR ASUNCIÓN DE CARGO);PARTIDO EVOLUCIÓN POLÍTICA
2023-03-01T00:00:00Z;EFRÉN CHRISTIAN;OSORIO;JARA;MIEMBRO ÓRGANO EJECUTIVO;PRIMERA DECLARACIÓN (POR ASUNCIÓN DE CARGO);PARTIDO ACCIÓN HUMANISTA
2023-03-03T00:00:00Z;JULIETTE CRISTINA;VILLALOBOS;CARES;MIEMBRO ÓRGANO EJECUTIVO;PRIMERA DECLARACIÓN (POR ASUNCIÓN DE CARGO);PARTIDO DE LA GENTE
2023-03-09T00:00:00Z;ANA MARÍA;HERNÁNDEZ;SAN MARTÍN;MIEMBRO ÓRGANO EJECUTIVO;PRIMERA DECLARACIÓN (POR ASUNCIÓN DE CARGO);PARTIDO DEMÓCRATA CRISTIANO
2023-03-08T00:00:00Z;ALEXANDRA LAURA LUCÍA YAMILA;NÚÑEZ;SORICH;MIEMBRO ÓRGANO EJECUTIVO;PRIMERA DECLARACIÓN (POR ASUNCIÓN DE CARGO);PARTIDO DEMÓCRATA CRISTIANO
2023-05-29T00:00:00Z;SARA NICOL;CONCHA;SMITH;MIEMBRO ÓRGANO EJECUTIVO;PRIMERA DECLARACIÓN (POR ASUNCIÓN DE CARGO);PARTIDO SOCIAL CRISTIANO
2023-05-29T00:00:00Z;LUCIANO ERNESTO;SILVA;MORA;MIEMBRO ÓRGANO EJECUTIVO;PRIMERA DECLARACIÓN (POR ASUNCIÓN DE CARGO);PARTIDO SOCIAL CRISTIANO
2023-05-29T00:00:00Z;ANTARIS CATALINA;VARELA;COMPAGNON;MIEMBRO ÓRGANO EJECUTIVO;PRIMERA DECLARACIÓN (POR ASUNCIÓN DE CARGO);PARTIDO SOCIAL CRISTIANO
2023-07-08T00:00:00Z;JOSE CARLOS;MEZA;PEREIRA;MIEMBRO ÓRGANO EJECUTIVO;PRIMERA DECLARACIÓN (POR ASUNCIÓN DE CARGO);PARTIDO REPUBLICANO DE CHILE
2023-07-13T00:00:00Z;CAROLINA;PIZARRO;CARVAJAL;MIEMBRO ÓRGANO EJECUTIVO;PRIMERA DECLARACIÓN (POR ASUNCIÓN DE CARGO);PARTIDO SOCIALISTA DE CHILE
2023-07-13T00:00:00Z;FELIPE;LARENAS;BURGOS;MIEMBRO ÓRGANO EJECUTIVO;PRIMERA DECLARACIÓN (POR ASUNCIÓN DE CARGO);PARTIDO COMUNES
2021-09-03T00:00:00Z;PATRICIA CAROLINA;HIDALGO;JELDES;MIEMBRO ÓRGANO EJECUTIVO;PRIMERA DECLARACIÓN (POR ASUNCIÓN DE CARGO);PARTIDO POR LA DEMOCRACIA
2021-08-17T00:00:00Z;ALEJANDRO LAUREANO;ASTETE;GUTIÉRREZ;MIEMBRO ÓRGANO EJECUTIVO;PRIMERA DECLARACIÓN (POR ASUNCIÓN DE CARGO);PARTIDO POR LA DEMOCRACIA
2021-08-20T00:00:00Z;NATALIA ALEJANDRA;PIERGENTILI;DOMENECH;MIEMBRO ÓRGANO EJECUTIVO;PRIMERA DECLARACIÓN (POR ASUNCIÓN DE CARGO);PARTIDO POR LA DEMOCRACIA
2021-09-06T00:00:00Z;NATALIA ALEJANDRA;PIERGENTILI;DOMENECH;MIEMBRO ÓRGANO EJECUTIVO;PRIMERA DECLARACIÓN (POR ASUNCIÓN DE CARGO);PARTIDO POR LA DEMOCRACIA
2022-03-31T00:00:00Z;GUSTAVO;SANHUEZA;DUEÑAS;MIEMBRO ÓRGANO EJECUTIVO;PRIMERA DECLARACIÓN (POR ASUNCIÓN DE CARGO);UNIÓN DEMÓCRATA INDEPENDIENTE
2022-03-31T00:00:00Z;KAROL AÍDA;CARIOLA;OLIVA;MIEMBRO ÓRGANO EJECUTIVO;PRIMERA DECLARACIÓN (POR ASUNCIÓN DE CARGO);PARTIDO COMUNISTA DE CHILE
2021-09-07T00:00:00Z;ROSA EMILIA;AHUMADA;CAMPUSANO;MIEMBRO ÓRGANO EJECUTIVO;PRIMERA DECLARACIÓN (POR ASUNCIÓN DE CARGO);PARTIDO COMUNISTA DE CHILE
2021-11-10T00:00:00Z;EGLIA MARISOL;MORALES;BARRERA;MIEMBRO ÓRGANO EJECUTIVO;PRIMERA DECLARACIÓN (POR ASUNCIÓN DE CARGO);PARTIDO DE LA GENTE
2021-11-10T00:00:00Z;LUIS EMILIO;PEÑA;ROJO;MIEMBRO ÓRGANO EJECUTIVO;PRIMERA DECLARACIÓN (POR ASUNCIÓN DE CARGO);PARTIDO DE LA GENTE
2021-11-10T00:00:00Z;YOVANA ALEJANDRA;AHUMADA;PALMA;MIEMBRO ÓRGANO EJECUTIVO;PRIMERA DECLARACIÓN (POR ASUNCIÓN DE CARGO);PARTIDO DE LA GENTE
2021-09-07T00:00:00Z;ANDREA ISABEL DEL CARMEN;OJEDA;MIRANDA;MIEMBRO ÓRGANO EJECUTIVO;PRIMERA DECLARACIÓN (POR ASUNCIÓN DE CARGO);RENOVACIÓN NACIONAL
2021-03-23T00:00:00Z;NICOLÁS;CERDA;DÍEZ;MIEMBRO ÓRGANO EJECUTIVO;PRIMERA DECLARACIÓN (POR ASUNCIÓN DE CARGO);RENOVACIÓN NACIONAL
2022-04-13T00:00:00Z;CLAUDIO ANDRES;OSORIO;ROMERO;MIEMBRO ÓRGANO EJECUTIVO;PRIMERA DECLARACIÓN (POR ASUNCIÓN DE CARGO);PARTIDO REPUBLICANO DE CHILE
2022-04-13T00:00:00Z;FRANCISCA ALEJANDRA;HERNANDEZ;CACERES;MIEMBRO ÓRGANO EJECUTIVO;PRIMERA DECLARACIÓN (POR ASUNCIÓN DE CARGO);PARTIDO DEMÓCRATA CRISTIANO
2022-04-12T00:00:00Z;PATRICIO ELÍAS;FERREIRA;RIVERA;MIEMBRO ÓRGANO EJECUTIVO;PRIMERA DECLARACIÓN (POR ASUNCIÓN DE CARGO);PARTIDO DEMÓCRATA CRISTIANO
2022-04-19T00:00:00Z;ROMINA CECILIA;CIFUENTES;GONZALEZ;MIEMBRO ÓRGANO EJECUTIVO;PRIMERA DECLARACIÓN (POR ASUNCIÓN DE CARGO);PARTIDO REPUBLICANO DE CHILE
2022-07-12T00:00:00Z;PAZ ANDREA;SUÁREZ;BRIONES;MIEMBRO ÓRGANO EJECUTIVO;PRIMERA DECLARACIÓN (POR ASUNCIÓN DE CARGO);PARTIDO POR LA DEMOCRACIA
2022-07-13T00:00:00Z;JOSÉ MIGUEL;CARVAJAL;GALLARDO;MIEMBRO ÓRGANO EJECUTIVO;PRIMERA DECLARACIÓN (POR ASUNCIÓN DE CARGO);PARTIDO COMUNES
2022-07-14T00:00:00Z;MARCO ANTONIO;VELARDE;SALINAS;MIEMBRO ÓRGANO EJECUTIVO;PRIMERA DECLARACIÓN (POR ASUNCIÓN DE CARGO);PARTIDO COMUNES
2022-07-14T00:00:00Z;JOSEFINA;VILLAR;ARAYA;MIEMBRO ÓRGANO EJECUTIVO;PRIMERA DECLARACIÓN (POR ASUNCIÓN DE CARGO);PARTIDO COMUNES
2022-07-13T00:00:00Z;HÉCTOR ALEJANDRO;BARRÍA;ANGULO;MIEMBRO ÓRGANO EJECUTIVO;PRIMERA DECLARACIÓN (POR ASUNCIÓN DE CARGO);PARTIDO DEMÓCRATA CRISTIANO
2022-07-14T00:00:00Z;ROLANDO;ESPINOZA;AGUIRRE;MIEMBRO ÓRGANO EJECUTIVO;PRIMERA DECLARACIÓN (POR ASUNCIÓN DE CARGO);PARTIDO COMUNES
2022-07-29T00:00:00Z;MARÍA EMILIA;UNDURRAGA;MARIMÓN;MIEMBRO ÓRGANO EJECUTIVO;PRIMERA DECLARACIÓN (POR ASUNCIÓN DE CARGO);PARTIDO EVOLUCIÓN POLÍTICA
2022-07-25T00:00:00Z;CAMILO ENRIQUE;ESCALONA;MEDINA;MIEMBRO ÓRGANO EJECUTIVO;PRIMERA DECLARACIÓN (POR ASUNCIÓN DE CARGO);PARTIDO SOCIALISTA DE CHILE
2022-08-01T00:00:00Z;FRANCESCA LORENA;PARODI;OPPLIGER;MIEMBRO ÓRGANO EJECUTIVO;PRIMERA DECLARACIÓN (POR ASUNCIÓN DE CARGO);PARTIDO EVOLUCIÓN POLÍTICA
2022-08-01T00:00:00Z;MARIA IGNACIA;GALILEA;RAPHAEL;MIEMBRO ÓRGANO EJECUTIVO;PRIMERA DECLARACIÓN (POR ASUNCIÓN DE CARGO);PARTIDO EVOLUCIÓN POLÍTICA
2022-08-03T00:00:00Z;JORGE ENRIQUE;GUZMAN;ZEPEDA;MIEMBRO ÓRGANO EJECUTIVO;PRIMERA DECLARACIÓN (POR ASUNCIÓN DE CARGO);PARTIDO EVOLUCIÓN POLÍTICA
2022-07-14T00:00:00Z;CONSUELO;SALAS;MUÑOZ;MIEMBRO ÓRGANO EJECUTIVO;PRIMERA DECLARACIÓN (POR ASUNCIÓN DE CARGO);PARTIDO COMUNES
2022-08-04T00:00:00Z;LEONARDO ENRIQUE;CUBILLOS;RAMÍREZ;MIEMBRO ÓRGANO EJECUTIVO;PRIMERA DECLARACIÓN (POR ASUNCIÓN DE CARGO);PARTIDO RADICAL DE CHILE
2022-11-29T00:00:00Z;RAUL HUMBERTO;SOTO;MARDONES;MIEMBRO ÓRGANO EJECUTIVO;PRIMERA DECLARACIÓN (POR ASUNCIÓN DE CARGO);PARTIDO POR LA DEMOCRACIA
2022-11-22T00:00:00Z;ESTEBAN;VELASQUEZ;NUÑEZ;MIEMBRO ÓRGANO EJECUTIVO;PRIMERA DECLARACIÓN (POR ASUNCIÓN DE CARGO);FEDERACIÓN REGIONALISTA VERDE SOCIAL
2023-02-17T00:00:00Z;TOMÁS RENÉ;HIRSCH;GOLDSCHMIDT;MIEMBRO ÓRGANO EJECUTIVO;PRIMERA DECLARACIÓN (POR ASUNCIÓN DE CARGO);PARTIDO ACCIÓN HUMANISTA
2023-04-04T00:00:00Z;MÁXIMO FRANCISCO;PAVEZ;CANTILLANO;MIEMBRO ÓRGANO EJECUTIVO;PRIMERA DECLARACIÓN (POR ASUNCIÓN DE CARGO);UNIÓN DEMÓCRATA INDEPENDIENTE
2023-08-31T00:00:00Z;MARÍA PAZ;FUENZALIDA;CATALÁN;MIEMBRO ÓRGANO EJECUTIVO;PRIMERA DECLARACIÓN (POR ASUNCIÓN DE CARGO);PARTIDOS DEMÓCRATAS CHILE
2022-08-23T00:00:00Z;SOFIA;VALENZUELA;DELPIANO;MIEMBRO ÓRGANO EJECUTIVO;PRIMERA DECLARACIÓN (POR ASUNCIÓN DE CARGO);PARTIDO REVOLUCIÓN DEMOCRÁTICA
2022-08-13T00:00:00Z;ISADORA IGNACIA;VENEGAS;MATUS;MIEMBRO ÓRGANO EJECUTIVO;PRIMERA DECLARACIÓN (POR ASUNCIÓN DE CARGO);PARTIDO SOCIALISTA DE CHILE
2022-05-30T00:00:00Z;MARIO ROBERTO;TORREALBA;DIAZ;MIEMBRO ÓRGANO EJECUTIVO;PRIMERA DECLARACIÓN (POR ASUNCIÓN DE CARGO);FEDERACIÓN REGIONALISTA VERDE SOCIAL
2022-05-31T00:00:00Z;ALDO SIGISFREDO;MARDONES;ALARCÓN;MIEMBRO ÓRGANO EJECUTIVO;PRIMERA DECLARACIÓN (POR ASUNCIÓN DE CARGO);PARTIDO DEMÓCRATA CRISTIANO
2022-10-06T00:00:00Z;JUAN IGNACIO;LATORRE;RIVEROS;MIEMBRO ÓRGANO EJECUTIVO;PRIMERA DECLARACIÓN (POR ASUNCIÓN DE CARGO);PARTIDO REVOLUCIÓN DEMOCRÁTICA
2022-08-31T00:00:00Z;JUAN IGNACIO;LATORRE;RIVEROS;MIEMBRO ÓRGANO EJECUTIVO;PRIMERA DECLARACIÓN (POR ASUNCIÓN DE CARGO);PARTIDO REVOLUCIÓN DEMOCRÁTICA
2022-10-06T00:00:00Z;MATÍAS FELIPE;SEMBLER;REYES;MIEMBRO ÓRGANO EJECUTIVO;PRIMERA DECLARACIÓN (POR ASUNCIÓN DE CARGO);PARTIDO REVOLUCIÓN DEMOCRÁTICA
2022-10-14T00:00:00Z;FANNY SONNIA;POLLAROLO;VILLA;MIEMBRO ÓRGANO EJECUTIVO;PRIMERA DECLARACIÓN (POR ASUNCIÓN DE CARGO);PARTIDO SOCIALISTA DE CHILE
2022-10-06T00:00:00Z;FÉLIX ELLIOT;BUGUEÑO;SOTELO;MIEMBRO ÓRGANO EJECUTIVO;PRIMERA DECLARACIÓN (POR ASUNCIÓN DE CARGO);FEDERACIÓN REGIONALISTA VERDE SOCIAL
2022-10-08T00:00:00Z;LEONARDO ENRIQUE;SOTO;FERRADA;MIEMBRO ÓRGANO EJECUTIVO;PRIMERA DECLARACIÓN (POR ASUNCIÓN DE CARGO);PARTIDO SOCIALISTA DE CHILE
2023-03-29T00:00:00Z;LUIS HUGO HERNAN;PALMA;PEREZ;MIEMBRO ÓRGANO EJECUTIVO;PRIMERA DECLARACIÓN (POR ASUNCIÓN DE CARGO);PARTIDO HUMANISTA
2023-03-31T00:00:00Z;EDUARDO ANTONIO;CANTO;ORELLANA;MIEMBRO ÓRGANO EJECUTIVO;PRIMERA DECLARACIÓN (POR ASUNCIÓN DE CARGO);PARTIDO SOCIAL CRISTIANO
2023-03-30T00:00:00Z;GERALDINE TAMARA DEL PILAR;ARAVENA;GODOY;MIEMBRO ÓRGANO EJECUTIVO;PRIMERA DECLARACIÓN (POR ASUNCIÓN DE CARGO);PARTIDO SOCIAL CRISTIANO
2023-03-30T00:00:00Z;BELÉN ALEJANDRA;NÚÑEZ;ORMEÑO;MIEMBRO ÓRGANO EJECUTIVO;PRIMERA DECLARACIÓN (POR ASUNCIÓN DE CARGO);PARTIDO SOCIAL CRISTIANO
2023-03-30T00:00:00Z;CONSTANZA VERONICA;HUBE;PORTUS;MIEMBRO ÓRGANO EJECUTIVO;PRIMERA DECLARACIÓN (POR ASUNCIÓN DE CARGO);UNIÓN DEMÓCRATA INDEPENDIENTE
2023-03-29T00:00:00Z;DANIELLA VALENTINA;CICARDINI;MILLA;MIEMBRO ÓRGANO EJECUTIVO;PRIMERA DECLARACIÓN (POR ASUNCIÓN DE CARGO);PARTIDO SOCIALISTA DE CHILE
2023-03-30T00:00:00Z;NATALIA ARLENE;CANTO;NOVOA;MIEMBRO ÓRGANO EJECUTIVO;PRIMERA DECLARACIÓN (POR ASUNCIÓN DE CARGO);PARTIDO HUMANISTA
2023-03-29T00:00:00Z;RENATO;MÉNDEZ;MUJICA;MIEMBRO ÓRGANO EJECUTIVO;PRIMERA DECLARACIÓN (POR ASUNCIÓN DE CARGO);PARTIDO ACCIÓN HUMANISTA
2022-07-17T00:00:00Z;EDUARDO ANTONIO;BERMUDEZ;ROMERO;MIEMBRO ÓRGANO EJECUTIVO;PRIMERA DECLARACIÓN (POR ASUNCIÓN DE CARGO);PARTIDO SOCIALISTA DE CHILE
2022-07-15T00:00:00Z;VICTORIA ABIGAIL;HERRERA;PACHECO;MIEMBRO ÓRGANO EJECUTIVO;PRIMERA DECLARACIÓN (POR ASUNCIÓN DE CARGO);PARTIDO COMUNES
2022-09-21T00:00:00Z;ARTURO FRANCISCO;BARRIOS;OTEÍZA;MIEMBRO ÓRGANO EJECUTIVO;PRIMERA DECLARACIÓN (POR ASUNCIÓN DE CARGO);PARTIDO SOCIALISTA DE CHILE
2022-09-22T00:00:00Z;PAULINA EUGENIA;VODANOVIC;ROJAS;MIEMBRO ÓRGANO EJECUTIVO;PRIMERA DECLARACIÓN (POR ASUNCIÓN DE CARGO);PARTIDO SOCIALISTA DE CHILE
2022-09-07T00:00:00Z;DANIELLA VALENTINA;CICARDINI;MILLA;MIEMBRO ÓRGANO EJECUTIVO;PRIMERA DECLARACIÓN (POR ASUNCIÓN DE CARGO);PARTIDO SOCIALISTA DE CHILE
2023-02-06T00:00:00Z;LAUTARO CÉSAR;CARMONA;SOTO;MIEMBRO ÓRGANO EJECUTIVO;PRIMERA DECLARACIÓN (POR ASUNCIÓN DE CARGO);PARTIDO COMUNISTA DE CHILE
2023-02-01T00:00:00Z;ALBERTO;UNDURRAGA;VICUÑA;MIEMBRO ÓRGANO EJECUTIVO;PRIMERA DECLARACIÓN (POR ASUNCIÓN DE CARGO);PARTIDO DEMÓCRATA CRISTIANO
2023-01-25T00:00:00Z;GLADYS LORETO;MUÑOZ;GUTIÉRREZ;MIEMBRO ÓRGANO EJECUTIVO;PRIMERA DECLARACIÓN (POR ASUNCIÓN DE CARGO);PARTIDO ACCIÓN HUMANISTA
2023-02-06T00:00:00Z;VICENTE;BRUNA;FERRER;MIEMBRO ÓRGANO EJECUTIVO;PRIMERA DECLARACIÓN (POR ASUNCIÓN DE CARGO);PARTIDO REPUBLICANO DE CHILE
2022-03-31T00:00:00Z;YOVANA ALEJANDRA;AHUMADA;PALMA;MIEMBRO ÓRGANO EJECUTIVO;PRIMERA DECLARACIÓN (POR ASUNCIÓN DE CARGO);PARTIDO DE LA GENTE
2022-03-30T00:00:00Z;RUTH ESTER;HURTADO;OLAVE;MIEMBRO ÓRGANO EJECUTIVO;PRIMERA DECLARACIÓN (POR ASUNCIÓN DE CARGO);PARTIDO REPUBLICANO DE CHILE
2022-03-31T00:00:00Z;JULIETTE CRISTINA;VILLALOBOS;CARES;MIEMBRO ÓRGANO EJECUTIVO;PRIMERA DECLARACIÓN (POR ASUNCIÓN DE CARGO);PARTIDO DE LA GENTE
2022-03-31T00:00:00Z;SERGIO;GAHONA;SALAZAR;MIEMBRO ÓRGANO EJECUTIVO;PRIMERA DECLARACIÓN (POR ASUNCIÓN DE CARGO);UNIÓN DEMÓCRATA INDEPENDIENTE
2023-04-11T00:00:00Z;FLOR ISABEL;WEISSE;NOVOA;MIEMBRO ÓRGANO EJECUTIVO;PRIMERA DECLARACIÓN (POR ASUNCIÓN DE CARGO);UNIÓN DEMÓCRATA INDEPENDIENTE
2023-04-11T00:00:00Z;RODRIGO JAVIER;DELGADO;MOCARQUER;MIEMBRO ÓRGANO EJECUTIVO;PRIMERA DECLARACIÓN (POR ASUNCIÓN DE CARGO);UNIÓN DEMÓCRATA INDEPENDIENTE
2023-04-19T00:00:00Z;CONSUELO;SALAS;MUÑOZ;MIEMBRO ÓRGANO EJECUTIVO;PRIMERA DECLARACIÓN (POR ASUNCIÓN DE CARGO);PARTIDO COMUNES
2023-04-20T00:00:00Z;GUILLERMO EDGARDO;GARCES;PARADA;MIEMBRO ÓRGANO EJECUTIVO;PRIMERA DECLARACIÓN (POR ASUNCIÓN DE CARGO);PARTIDO HUMANISTA
2017-01-04T00:00:00Z;RODRIGO SEBASTIÁN;LOYOLA;MORENILLA;JEFE DE SERVICIO;PRIMERA DECLARACIÓN (POR ASUNCIÓN DE CARGO);PARTIDO POR LA DEMOCRACIA
2018-08-19T00:00:00Z;DAVID RODRIGO;PASTEN;CARRASCO;SECRETARIO REGIONAL MINISTERIAL;PRIMERA DECLARACIÓN (POR ASUNCIÓN DE CARGO);PARTIDO POR LA DEMOCRACIA